[{"City":"Albuquerque","Public Transportation Usage":0.015625,"Congestion":0.3295454545,"Walking Score":0.2405063291,"2Bed Apartment Rent":0.02694610778,"Gas per Gallon":0.03333333333,"Electricity":0.2151481888,"Grocery":0.7810650888,"Internet":0.4403134682,"Average Salary":0.02631578947,"Unemployment Rate":0.2266666667,"Music Venues per 100k ppl":0.078125,"Cheap Takeouts per 100k ppl":0.07307692308,"Laundromats per 100 ppl":0.1277955272,"Coffee shops per 100 ppl":0.07443037975,"Young and Single":0.6890756303,"Crime":0.7119542179,"Events":0},
{"City":"Atlanta","Public Transportation Usage":0.1875,"Congestion":0.5568181818,"Walking Score":0.3401898734,"2Bed Apartment Rent":0.1946107784,"Gas per Gallon":0.1777777778,"Electricity":0.31064764,"Grocery":0.7840236686,"Internet":0.421906324,"Average Salary":0.7368421053,"Unemployment Rate":0.9066666667,"Music Venues per 100k ppl":0.890625,"Cheap Takeouts per 100k ppl":1,"Laundromats per 100 ppl":0.3354632588,"Coffee shops per 100 ppl":0.8081012658,"Young and Single":0.4369747899,"Crime":0.9101314116,"Events":0.3932735426},
{"City":"Austin","Public Transportation Usage":0.1875,"Congestion":0.3295454545,"Walking Score":0.1740506329,"2Bed Apartment Rent":0.1706586826,"Gas per Gallon":0.1,"Electricity":0.2436882547,"Grocery":0.7721893491,"Internet":0.3923819938,"Average Salary":0.2631578947,"Unemployment Rate":0.1466666667,"Music Venues per 100k ppl":0.7291666667,"Cheap Takeouts per 100k ppl":0.3115384615,"Laundromats per 100 ppl":0.1118210863,"Coffee shops per 100 ppl":0.2187341772,"Young and Single":1,"Crime":0.3141161509,"Events":0.1174887892},
{"City":"Boston","Public Transportation Usage":0.515625,"Congestion":0.375,"Walking Score":0.871835443,"2Bed Apartment Rent":0.5508982036,"Gas per Gallon":0.4666666667,"Electricity":0.8046103183,"Grocery":0.8616863905,"Internet":0.4585383634,"Average Salary":0.7368421053,"Unemployment Rate":0.4666666667,"Music Venues per 100k ppl":0.7552083333,"Cheap Takeouts per 100k ppl":0.2538461538,"Laundromats per 100 ppl":0.821086262,"Coffee shops per 100 ppl":0.3989873418,"Young and Single":0.05042016807,"Crime":0.336583298,"Events":0.3825112108},
{"City":"Charlotte","Public Transportation Usage":0.171875,"Congestion":0.3409090909,"Walking Score":0,"2Bed Apartment Rent":0.08682634731,"Gas per Gallon":0.2111111111,"Electricity":0.2041712404,"Grocery":0.7721893491,"Internet":0.821396027,"Average Salary":0.4736842105,"Unemployment Rate":0.5866666667,"Music Venues per 100k ppl":0.1354166667,"Cheap Takeouts per 100k ppl":0.08846153846,"Laundromats per 100 ppl":0.05111821086,"Coffee shops per 100 ppl":0.1194936709,"Young and Single":0.9075630252,"Crime":0.3615938957,"Events":0.07802690583},
{"City":"Colorado Springs","Public Transportation Usage":0.03125,"Congestion":0.125,"Walking Score":0.1360759494,"2Bed Apartment Rent":0.07185628743,"Gas per Gallon":0.3111111111,"Electricity":0.2864983535,"Grocery":0.7810650888,"Internet":0.3145616913,"Average Salary":0.02631578947,"Unemployment Rate":0.56,"Music Venues per 100k ppl":0.02604166667,"Cheap Takeouts per 100k ppl":0.03076923077,"Laundromats per 100 ppl":0.01597444089,"Coffee shops per 100 ppl":0.1048101266,"Young and Single":0.6134453782,"Crime":0.4103433658,"Events":0.04753363229},
{"City":"Columbus","Public Transportation Usage":0.078125,"Congestion":0.4090909091,"Walking Score":0.246835443,"2Bed Apartment Rent":0.01497005988,"Gas per Gallon":0.3444444444,"Electricity":0.2469813392,"Grocery":0.7263313609,"Internet":0.6070712593,"Average Salary":0.3157894737,"Unemployment Rate":0.24,"Music Venues per 100k ppl":0.2291666667,"Cheap Takeouts per 100k ppl":0.05384615385,"Laundromats per 100 ppl":0.05111821086,"Coffee shops per 100 ppl":0.08151898734,"Young and Single":0.512605042,"Crime":0.7971598135,"Events":0.04843049327},
{"City":"Dallas","Public Transportation Usage":0.078125,"Congestion":0.5340909091,"Walking Score":0.3037974684,"2Bed Apartment Rent":0.2335329341,"Gas per Gallon":0,"Electricity":0.2436882547,"Grocery":0.8128698225,"Internet":0.5401858939,"Average Salary":0.3947368421,"Unemployment Rate":0.3733333333,"Music Venues per 100k ppl":0.21875,"Cheap Takeouts per 100k ppl":0.1423076923,"Laundromats per 100 ppl":0,"Coffee shops per 100 ppl":0.04455696203,"Young and Single":0.1596638655,"Crime":0.557439593,"Events":0.2470852018},
{"City":"Denver","Public Transportation Usage":0.171875,"Congestion":0.4545454545,"Walking Score":0.4952531646,"2Bed Apartment Rent":0.2425149701,"Gas per Gallon":0.3333333333,"Electricity":0.2864983535,"Grocery":0.6220414201,"Internet":0.3158374339,"Average Salary":0.2894736842,"Unemployment Rate":0.4133333333,"Music Venues per 100k ppl":0.671875,"Cheap Takeouts per 100k ppl":0.4038461538,"Laundromats per 100 ppl":0.3003194888,"Coffee shops per 100 ppl":0.4425316456,"Young and Single":0.1260504202,"Crime":0.419245443,"Events":0.1551569507},
{"City":"Fresno","Public Transportation Usage":0.09375,"Congestion":0.2954545455,"Walking Score":0.2800632911,"2Bed Apartment Rent":0.02395209581,"Gas per Gallon":0.8,"Electricity":0.6882546652,"Grocery":0.7810650888,"Internet":0.4707490432,"Average Salary":0.2368421053,"Unemployment Rate":1,"Music Venues per 100k ppl":0.03645833333,"Cheap Takeouts per 100k ppl":0.1076923077,"Laundromats per 100 ppl":0.04153354633,"Coffee shops per 100 ppl":0.04506329114,"Young and Single":0.6218487395,"Crime":0.433870284,"Events":0.005381165919},
{"City":"Houston","Public Transportation Usage":0.109375,"Congestion":0.5227272727,"Walking Score":0.3132911392,"2Bed Apartment Rent":0.2604790419,"Gas per Gallon":0.04444444444,"Electricity":0.2436882547,"Grocery":0.599112426,"Internet":0.4004009477,"Average Salary":0.5263157895,"Unemployment Rate":0.3333333333,"Music Venues per 100k ppl":0.08333333333,"Cheap Takeouts per 100k ppl":0.1807692308,"Laundromats per 100 ppl":0.02555910543,"Coffee shops per 100 ppl":0.08607594937,"Young and Single":0.5462184874,"Crime":0.7554048326,"Events":0.1932735426},
{"City":"Kansas City","Public Transportation Usage":0.0625,"Congestion":0.05681818182,"Walking Score":0.121835443,"2Bed Apartment Rent":0.01497005988,"Gas per Gallon":0.1444444444,"Electricity":0.1690450055,"Grocery":0.8284023669,"Internet":0.5640605067,"Average Salary":0.2368421053,"Unemployment Rate":0.3333333333,"Music Venues per 100k ppl":0.4479166667,"Cheap Takeouts per 100k ppl":0.2923076923,"Laundromats per 100 ppl":0.1022364217,"Coffee shops per 100 ppl":0.2673417722,"Young and Single":0.1428571429,"Crime":0.9970326409,"Events":0.03677130045},
{"City":"Las Vegas","Public Transportation Usage":0,"Congestion":0.5,"Walking Score":0.0917721519,"2Bed Apartment Rent":0.05089820359,"Gas per Gallon":0.3111111111,"Electricity":0.2403951701,"Grocery":0.7810650888,"Internet":0.1153635867,"Average Salary":0.07894736842,"Unemployment Rate":0.7866666667,"Music Venues per 100k ppl":1,"Cheap Takeouts per 100k ppl":0.4346153846,"Laundromats per 100 ppl":0.2108626198,"Coffee shops per 100 ppl":0.3579746835,"Young and Single":0.9663865546,"Crime":0.3285290377,"Events":0.05650224215},
{"City":"Long Beach","Public Transportation Usage":0.296875,"Congestion":1,"Walking Score":0.6550632911,"2Bed Apartment Rent":0.2065868263,"Gas per Gallon":0.8111111111,"Electricity":0.6882546652,"Grocery":0.7840236686,"Internet":0.1793329688,"Average Salary":0.4736842105,"Unemployment Rate":0.2666666667,"Music Venues per 100k ppl":0.2552083333,"Cheap Takeouts per 100k ppl":0.2961538462,"Laundromats per 100 ppl":0.249201278,"Coffee shops per 100 ppl":0.2334177215,"Young and Single":0.731092437,"Crime":0.2827469267,"Events":0.6192825112},
{"City":"Miami","Public Transportation Usage":0.109375,"Congestion":0.75,"Walking Score":0.8101265823,"2Bed Apartment Rent":0.5508982036,"Gas per Gallon":0.3666666667,"Electricity":0.420417124,"Grocery":0.8357988166,"Internet":0.3830872972,"Average Salary":0.2894736842,"Unemployment Rate":0.6933333333,"Music Venues per 100k ppl":0.8802083333,"Cheap Takeouts per 100k ppl":0.4,"Laundromats per 100 ppl":0.2907348243,"Coffee shops per 100 ppl":0.7797468354,"Young and Single":0.1932773109,"Crime":0.8071216617,"Events":0.1905829596},
{"City":"Milwaukee","Public Transportation Usage":0.15625,"Congestion":0.2386363636,"Walking Score":0.5537974684,"2Bed Apartment Rent":0.05389221557,"Gas per Gallon":0.2555555556,"Electricity":0.3765093304,"Grocery":0.801035503,"Internet":0.5873883725,"Average Salary":0.2105263158,"Unemployment Rate":0.8666666667,"Music Venues per 100k ppl":0.1822916667,"Cheap Takeouts per 100k ppl":0.02692307692,"Laundromats per 100 ppl":0.1054313099,"Coffee shops per 100 ppl":0.09012658228,"Young and Single":0.2941176471,"Crime":1,"Events":0.06502242152},
{"City":"Minneapolis","Public Transportation Usage":0.171875,"Congestion":0.375,"Walking Score":0.6487341772,"2Bed Apartment Rent":0.2814371257,"Gas per Gallon":0.1666666667,"Electricity":0.2052689352,"Grocery":1,"Internet":0.167122289,"Average Salary":0.1842105263,"Unemployment Rate":0.16,"Music Venues per 100k ppl":0.7916666667,"Cheap Takeouts per 100k ppl":0.5269230769,"Laundromats per 100 ppl":0.2715654952,"Coffee shops per 100 ppl":1,"Young and Single":0.04201680672,"Crime":0.7395082662,"Events":0.1233183857},
{"City":"Nashville","Public Transportation Usage":0.0625,"Congestion":0.3636363636,"Walking Score":0.0332278481,"2Bed Apartment Rent":0.09880239521,"Gas per Gallon":0.2666666667,"Electricity":0.2744237102,"Grocery":0.7721893491,"Internet":0.2392928741,"Average Salary":0.2631578947,"Unemployment Rate":0.36,"Music Venues per 100k ppl":0.6927083333,"Cheap Takeouts per 100k ppl":0.01153846154,"Laundromats per 100 ppl":0.01597444089,"Coffee shops per 100 ppl":0.05974683544,"Young and Single":0.5630252101,"Crime":0.5949554896,"Events":0.05829596413},
{"City":"New York City","Public Transportation Usage":1,"Congestion":0.4772727273,"Walking Score":1,"2Bed Apartment Rent":0.754491018,"Gas per Gallon":0.7222222222,"Electricity":1,"Grocery":0.8431952663,"Internet":0.1926371423,"Average Salary":0.9210526316,"Unemployment Rate":0.5466666667,"Music Venues per 100k ppl":0.078125,"Cheap Takeouts per 100k ppl":0.1076923077,"Laundromats per 100 ppl":0.7188498403,"Coffee shops per 100 ppl":0.2156962025,"Young and Single":0.218487395,"Crime":0.1290801187,"Events":1},
{"City":"Oklahoma City","Public Transportation Usage":0,"Congestion":0.1931818182,"Walking Score":0.1139240506,"2Bed Apartment Rent":0.02095808383,"Gas per Gallon":0.1111111111,"Electricity":0.1119648738,"Grocery":0.7721893491,"Internet":0.2952433024,"Average Salary":0.1578947368,"Unemployment Rate":0.08,"Music Venues per 100k ppl":0.171875,"Cheap Takeouts per 100k ppl":0,"Laundromats per 100 ppl":0.003194888179,"Coffee shops per 100 ppl":0.008607594937,"Young and Single":0.4117647059,"Crime":0.7431114879,"Events":0.008071748879},
{"City":"Omaha","Public Transportation Usage":0,"Congestion":0.2045454545,"Walking Score":0.2689873418,"2Bed Apartment Rent":0.02694610778,"Gas per Gallon":0.2666666667,"Electricity":0.1207464325,"Grocery":0.7263313609,"Internet":0.1197375615,"Average Salary":0.02631578947,"Unemployment Rate":0.01333333333,"Music Venues per 100k ppl":0.1458333333,"Cheap Takeouts per 100k ppl":0.06153846154,"Laundromats per 100 ppl":0.03514376997,"Coffee shops per 100 ppl":0.09367088608,"Young and Single":0.4117647059,"Crime":0.4796523951,"Events":0.00134529148},
{"City":"Philadelphia","Public Transportation Usage":0.34375,"Congestion":0.3181818182,"Walking Score":0.8243670886,"2Bed Apartment Rent":0.1916167665,"Gas per Gallon":0.4222222222,"Electricity":0.4028540066,"Grocery":0.6686390533,"Internet":0.4091488974,"Average Salary":0.4210526316,"Unemployment Rate":0.8933333333,"Music Venues per 100k ppl":0.109375,"Cheap Takeouts per 100k ppl":0.04615384615,"Laundromats per 100 ppl":0.2843450479,"Coffee shops per 100 ppl":0.1306329114,"Young and Single":0.1092436975,"Crime":0.7982195846,"Events":0.3506726457},
{"City":"Phoenix","Public Transportation Usage":0.0625,"Congestion":0.5227272727,"Walking Score":0.2199367089,"2Bed Apartment Rent":0.04191616766,"Gas per Gallon":0.1777777778,"Electricity":0.3216245884,"Grocery":0,"Internet":0.1922726444,"Average Salary":0.1315789474,"Unemployment Rate":0.3866666667,"Music Venues per 100k ppl":0.2083333333,"Cheap Takeouts per 100k ppl":0.2538461538,"Laundromats per 100 ppl":0.08626198083,"Coffee shops per 100 ppl":0.2010126582,"Young and Single":0.2016806723,"Crime":0.466935142,"Events":0.1103139013},
{"City":"Portland","Public Transportation Usage":0.3125,"Congestion":0.4659090909,"Walking Score":0.6075949367,"2Bed Apartment Rent":0.1916167665,"Gas per Gallon":0.5444444444,"Electricity":0.1383095499,"Grocery":0.6412721893,"Internet":0.1986513578,"Average Salary":0.3157894737,"Unemployment Rate":0.4266666667,"Music Venues per 100k ppl":0.7291666667,"Cheap Takeouts per 100k ppl":0.4,"Laundromats per 100 ppl":0.1469648562,"Coffee shops per 100 ppl":0.7848101266,"Young and Single":0.1680672269,"Crime":0.3919033489,"Events":0.05739910314},
{"City":"Raleigh","Public Transportation Usage":0,"Congestion":0.3068181818,"Walking Score":0.06962025316,"2Bed Apartment Rent":0.08083832335,"Gas per Gallon":0.2555555556,"Electricity":0.2041712404,"Grocery":0.7721893491,"Internet":1,"Average Salary":0.3157894737,"Unemployment Rate":0.16,"Music Venues per 100k ppl":0.1979166667,"Cheap Takeouts per 100k ppl":0.1076923077,"Laundromats per 100 ppl":0.1373801917,"Coffee shops per 100 ppl":0.164556962,"Young and Single":0.7394957983,"Crime":0.224671471,"Events":0.1219730942},
{"City":"Sacramento","Public Transportation Usage":0.109375,"Congestion":0.6931818182,"Walking Score":0.3006329114,"2Bed Apartment Rent":0.09580838323,"Gas per Gallon":0.8111111111,"Electricity":0.6882546652,"Grocery":0.7810650888,"Internet":0.4129761254,"Average Salary":0.4210526316,"Unemployment Rate":0.7466666667,"Music Venues per 100k ppl":0.375,"Cheap Takeouts per 100k ppl":0.4269230769,"Laundromats per 100 ppl":0.1757188498,"Coffee shops per 100 ppl":0.3762025316,"Young and Single":0.3025210084,"Crime":0.4145824502,"Events":0.1228699552},
{"City":"San Antonio","Public Transportation Usage":0.15625,"Congestion":0.4090909091,"Walking Score":0.1471518987,"2Bed Apartment Rent":0.07784431138,"Gas per Gallon":0.1,"Electricity":0.2436882547,"Grocery":0.7721893491,"Internet":0.4047749225,"Average Salary":0.2105263158,"Unemployment Rate":0.3066666667,"Music Venues per 100k ppl":0.07291666667,"Cheap Takeouts per 100k ppl":0.07692307692,"Laundromats per 100 ppl":0.003194888179,"Coffee shops per 100 ppl":0,"Young and Single":0.8403361345,"Crime":0.5693090292,"Events":0.03632286996},
{"City":"San Diego","Public Transportation Usage":0.171875,"Congestion":0.7159090909,"Walking Score":0.3813291139,"2Bed Apartment Rent":0.3263473054,"Gas per Gallon":0.8888888889,"Electricity":0.6882546652,"Grocery":0.775887574,"Internet":0.3457262621,"Average Salary":0.3947368421,"Unemployment Rate":0.4933333333,"Music Venues per 100k ppl":0.3645833333,"Cheap Takeouts per 100k ppl":0.35,"Laundromats per 100 ppl":0.1821086262,"Coffee shops per 100 ppl":0.3286075949,"Young and Single":0.3445378151,"Crime":0.1197541331,"Events":0.1515695067},
{"City":"San Francisco","Public Transportation Usage":0.6875,"Congestion":0.8181818182,"Walking Score":0.9414556962,"2Bed Apartment Rent":1,"Gas per Gallon":1,"Electricity":0.6882546652,"Grocery":0.8321005917,"Internet":0.4364862402,"Average Salary":0.8947368421,"Unemployment Rate":0.24,"Music Venues per 100k ppl":0.8072916667,"Cheap Takeouts per 100k ppl":0.5192307692,"Laundromats per 100 ppl":1,"Coffee shops per 100 ppl":0.7194936709,"Young and Single":0.05042016807,"Crime":0.6443408224,"Events":0.664573991},
{"City":"San Jose","Public Transportation Usage":0.140625,"Congestion":0.7727272727,"Walking Score":0.375,"2Bed Apartment Rent":0.4610778443,"Gas per Gallon":0.9222222222,"Electricity":0.6882546652,"Grocery":0.8321005917,"Internet":0.1033351558,"Average Salary":1,"Unemployment Rate":0.5333333333,"Music Venues per 100k ppl":0.1614583333,"Cheap Takeouts per 100k ppl":0.3846153846,"Laundromats per 100 ppl":0.2396166134,"Coffee shops per 100 ppl":0.32,"Young and Single":0.2268907563,"Crime":0.1617210682,"Events":0.6475336323},
{"City":"Seattle","Public Transportation Usage":0.234375,"Congestion":0.3863636364,"Walking Score":0.7341772152,"2Bed Apartment Rent":0.2754491018,"Gas per Gallon":0.6333333333,"Electricity":0,"Grocery":0.8321005917,"Internet":0.3360670676,"Average Salary":0.4473684211,"Unemployment Rate":0.08,"Music Venues per 100k ppl":0.6614583333,"Cheap Takeouts per 100k ppl":0.4384615385,"Laundromats per 100 ppl":0.1277955272,"Coffee shops per 100 ppl":0.8860759494,"Young and Single":0.0756302521,"Crime":0.5167443832,"Events":0.1372197309},
{"City":"Tucson","Public Transportation Usage":0,"Congestion":0.4999999999999999,"Walking Score":0.2294303797,"2Bed Apartment Rent":0,"Gas per Gallon":0.14444444444444435,"Electricity":0.32162458836443475,"Grocery":0.7810650887573963,"Internet":0.1793329688354292,"Average Salary":0.13157894736842105,"Unemployment Rate":0.7733333333333334,"Music Venues per 100k ppl":0.05729166667,"Cheap Takeouts per 100k ppl":0.1576923077,"Laundromats per 100 ppl":0.03833865815,"Coffee shops per 100 ppl":0.08101265823,"Young and Single":0.6218487395,"Crime":0.2314540059347181,"Events":0.002242152466},
{"City":"Tulsa","Public Transportation Usage":0,"Congestion":0,"Walking Score":0.1835443038,"2Bed Apartment Rent":0.01796407186,"Gas per Gallon":0.2,"Electricity":0.1119648738,"Grocery":0.7721893491,"Internet":0.3311463459,"Average Salary":0.1842105263,"Unemployment Rate":0.12,"Music Venues per 100k ppl":0,"Cheap Takeouts per 100k ppl":0.01153846154,"Laundromats per 100 ppl":0.05431309904,"Coffee shops per 100 ppl":0.01924050633,"Young and Single":0.4033613445,"Crime":0.8363713438,"Events":0.005829596413},
{"City":"Virginia Beach","Public Transportation Usage":0,"Congestion":0.375,"Walking Score":0.1060126582,"2Bed Apartment Rent":0.1556886228,"Gas per Gallon":0.06666666667,"Electricity":0.2261251372,"Grocery":0.7721893491,"Internet":0,"Average Salary":0,"Unemployment Rate":0,"Music Venues per 100k ppl":0.1145833333,"Cheap Takeouts per 100k ppl":0.08461538461538462,"Laundromats per 100 ppl":0.03833865815,"Coffee shops per 100 ppl":0.06481012658,"Young and Single":0,"Crime":0,"Events":0.03542600897},
{"City":"Washington, DC","Public Transportation Usage":0.5625,"Congestion":0.7159090909,"Walking Score":0.7863924051,"2Bed Apartment Rent":0.7005988024,"Gas per Gallon":0.5,"Electricity":0.661909989,"Grocery":0.1316568047,"Internet":0.4530708948,"Average Salary":0.3947368421,"Unemployment Rate":0.5866666667,"Music Venues per 100k ppl":0.4114583333,"Cheap Takeouts per 100k ppl":0.4807692308,"Laundromats per 100 ppl":0.4504792332,"Coffee shops per 100 ppl":0.684556962,"Young and Single":0.05882352941,"Crime":0.7600678253,"Events":0.5829596413}]